au,mean_intensity,active_rate,is_anger,anger_index
AU04,1.297028112449799,0.9698795180722891,True,0.38731927710843367
AU07,0.1252074966532798,0.2898259705488621,True,0.38731927710843367
AU23,0.07139223560910309,0.23092369477911648,True,0.38731927710843367
AU05,0.05564926372155288,0.1606425702811245,True,0.38731927710843367
