au,mean_intensity,active_rate,is_anger,anger_index
AU04,1.2685848702953968,0.9573024441445495,True,0.4879823624231519
AU23,0.43150097465886944,0.309604138551507,True,0.4879823624231519
AU07,0.1609128055180687,0.3288349077822762,True,0.4879823624231519
AU05,0.0909307992202729,0.18241115609536662,True,0.4879823624231519
