au,mean_intensity,active_rate,is_anger,anger_index
AU04,1.2297610178713432,0.9488134600092077,True,0.4009169003473821
AU23,0.1795760264512619,0.3165362239986607,True,0.4009169003473821
AU05,0.11056041518436362,0.1919390616498556,True,0.4009169003473821
AU07,0.08377014188255974,0.22420792700791026,True,0.4009169003473821
