au,mean_intensity,active_rate,is_anger,anger_index
AU07,0.7112179407756164,0.8376904968405402,True,0.4011899599388758
AU04,0.6421455416511791,0.7878412423078511,True,0.4011899599388758
AU23,0.18245777061908894,0.35712220707884196,True,0.4011899599388758
AU05,0.0689385867096188,0.18721348036178911,True,0.4011899599388758
