au,mean_intensity,active_rate,is_anger,anger_index
AU04,1.1838980716253444,0.9028925619834711,True,0.509931129476584
AU07,0.6758953168044077,0.8326446280991735,True,0.509931129476584
AU23,0.11400826446280991,0.29476584022038566,True,0.509931129476584
AU05,0.0659228650137741,0.17286501377410468,True,0.509931129476584
