au,mean_intensity,active_rate,is_anger,anger_index
AU23,0.2180046168799611,0.3393811760894217,True,0.12071095901506561
AU07,0.15730803499109022,0.32411307306010045,True,0.12071095901506561
AU05,0.06726105621253847,0.16009233759922242,True,0.12071095901506561
AU04,0.04027012797667261,0.07439656568929208,True,0.12071095901506561
