au,mean_intensity,active_rate,is_anger,anger_index
AU23,0.25052034689793196,0.3382254836557705,True,0.1028018679119413
AU07,0.09180787191460975,0.23815877251501,True,0.1028018679119413
AU05,0.06172781854569713,0.142761841227485,True,0.1028018679119413
AU04,0.007151434289526352,0.01734489659773182,True,0.1028018679119413
