au,mean_intensity,active_rate,is_anger,anger_index
AU07,0.8779223300970874,0.8182135922330097,True,0.45038563106796115
AU04,0.4814636893203883,0.5645436893203883,True,0.45038563106796115
AU23,0.2965394174757281,0.34353398058252427,True,0.45038563106796115
AU05,0.14561708737864076,0.19689320388349515,True,0.45038563106796115
