au,mean_intensity,active_rate,is_anger,anger_index
AU07,0.9571564104795892,0.8591696405257202,True,0.4287540255896945
AU04,0.3598289668378449,0.5614936025763774,True,0.4287540255896945
AU23,0.25071372617286103,0.3420663243102098,True,0.4287540255896945
AU05,0.14731699886848287,0.19997388806684654,True,0.4287540255896945
