au,mean_intensity,active_rate,is_anger,anger_index
AU07,1.1761866666666667,0.902,True,0.4809833333333333
AU23,0.31466,0.36666666666666664,True,0.4809833333333333
AU04,0.26808666666666664,0.41133333333333333,True,0.4809833333333333
AU05,0.165,0.22533333333333333,True,0.4809833333333333
